UserId,ContinentId,RegionId,CountryId,CityId
1,5,9,21,55
2,5,10,23,58
3,1,2,6,14
4,1,2,6,14
5,1,1,2,3
6,1,2,4,9
7,3,5,13,33
8,3,5,13,33
9,2,3,9,22
10,2,3,8,19
11,4,8,19,49
12,3,5,12,28
13,4,8,19,48
14,5,10,22,57
15,2,3,8,19
16,1,2,5,12
17,5,10,22,57
18,3,6,15,38
19,2,3,8,18
20,3,6,15,37
21,3,5,13,31
22,5,9,21,54
23,2,3,7,16
24,5,10,23,59
25,5,10,22,56
26,1,2,5,11
27,1,2,4,10
28,3,5,13,32
29,1,1,2,3
30,2,3,8,18
31,2,4,11,26
32,5,10,23,58
33,5,10,23,59
34,1,2,4,9
35,5,9,21,53
36,1,1,3,6
37,4,7,17,45
38,4,8,19,50
39,5,9,21,53
40,1,2,6,14
41,5,9,21,53
42,1,1,3,7
43,3,5,13,31
44,3,5,12,28
45,2,3,8,19
46,1,1,1,2
47,4,8,18,46
48,2,3,8,20
49,4,7,16,40
50,2,4,11,25
51,2,4,10,23
52,5,9,21,53
53,1,1,3,6
54,4,7,17,44
55,4,7,17,45
56,2,4,10,23
57,2,3,7,16
58,1,1,1,1
59,5,10,22,56
60,5,10,22,56
61,1,2,6,15
62,1,1,1,2
63,1,1,3,8
64,1,1,2,4
65,4,8,19,50
66,5,9,21,53
67,1,2,4,10
68,4,7,17,45
69,1,2,5,11
70,2,3,9,22
71,3,6,14,36
72,4,7,17,43
73,5,9,20,52
74,1,1,2,3
75,1,2,5,12
76,2,3,7,17
77,2,3,8,19
78,5,10,23,59
79,4,8,18,46
80,2,3,8,19
81,5,10,23,58
82,3,5,12,30
83,3,5,12,30
84,2,4,11,26
85,1,2,4,9
86,5,10,22,56
87,1,1,1,1
88,1,2,5,11
89,1,2,6,14
90,2,3,7,17
91,1,1,3,8
92,1,1,1,2
93,4,7,16,40
94,5,10,23,58
95,1,1,3,8
96,2,3,8,18
97,3,5,12,30
98,5,9,21,55
99,4,7,16,41
100,4,8,18,46
101,3,6,14,35
102,2,4,11,25
103,1,2,5,12
104,5,9,20,51
105,4,8,19,48
106,1,1,1,2
107,4,7,17,43
108,1,1,2,5
109,4,7,17,44
110,4,8,19,49
111,1,1,3,8
112,2,4,11,26
113,1,1,3,8
114,3,6,14,34
115,5,9,21,55
116,1,1,2,5
117,2,4,10,24
118,5,10,23,58
119,2,3,8,18
120,1,1,3,8
121,3,5,12,29
122,3,5,12,30
123,4,7,16,40
124,2,3,8,19
125,5,10,22,57
126,3,5,13,31
127,2,3,7,17
128,5,10,22,57
129,5,9,21,55
130,3,5,12,30
131,1,1,1,2
132,3,6,14,36
133,3,5,13,33
134,1,2,4,9
135,3,6,15,38
136,4,8,19,50
137,1,1,3,7
138,4,7,17,43
139,1,2,4,9
140,4,7,17,45
141,2,4,11,25
142,1,1,1,1
143,5,10,23,58
144,1,2,4,10
145,3,6,14,36
146,1,2,5,11
147,5,10,22,56
148,4,7,17,44
149,4,8,19,48
150,2,4,11,26
151,3,5,12,28
152,3,6,15,38
153,4,8,18,47
154,4,8,19,50
155,1,1,1,2
156,4,7,16,40
157,1,1,3,7
158,2,3,7,17
159,4,8,19,49
160,1,2,6,15
161,4,8,19,48
162,3,5,12,28
163,1,2,6,14
164,2,3,8,20
165,3,5,13,32
166,4,8,18,46
167,3,6,14,36
168,5,10,22,56
169,5,9,20,52
170,4,7,17,45
171,3,6,14,36
172,2,3,8,18
173,2,4,11,25
174,1,1,3,8
175,2,4,10,23
176,5,9,21,55
177,2,4,11,26
178,1,1,3,7
179,3,6,15,39
180,5,10,22,57
181,5,9,20,52
182,2,3,7,17
183,2,4,11,27
184,3,5,13,32
185,1,2,6,15
186,2,3,7,16
187,1,2,6,14
188,5,10,23,59
189,4,7,17,45
190,4,8,19,50
191,4,8,19,49
192,5,10,22,57
193,1,1,3,7
194,5,9,21,53
195,1,1,2,4
196,3,5,12,29
197,3,6,14,36
198,2,3,9,22
199,1,2,4,9
200,1,2,5,12
201,4,8,19,49
202,2,3,8,19
203,2,3,8,19
204,5,9,21,55
205,1,2,4,9
206,5,9,21,55
207,5,9,21,55
208,3,6,14,36
209,1,2,4,10
210,1,2,4,10
211,2,3,7,17
212,3,6,14,35
213,1,2,4,10
214,2,4,11,27
215,1,1,3,7
216,3,5,13,32
217,1,1,1,2
218,4,7,16,42
219,1,1,2,4
220,1,2,5,12
221,1,2,5,11
222,4,8,19,50
223,1,1,2,4
224,2,4,11,26
225,3,6,14,35
226,3,5,13,31
227,4,7,16,41
228,4,8,19,48
229,2,4,10,24
230,4,8,19,49
231,2,3,8,19
232,5,10,23,59
233,3,5,12,30
234,4,7,17,44
235,5,9,20,52
236,4,8,18,47
237,5,9,20,51
238,3,5,13,32
239,1,1,2,3
240,3,5,12,30
241,1,2,5,11
242,5,9,21,53
243,1,2,6,14
244,1,2,6,14
245,1,2,6,15
246,3,6,15,38
247,3,6,14,34
248,5,10,22,56
249,2,4,11,25
250,2,3,7,17
251,1,1,2,3
252,1,1,1,1
253,2,4,10,23
254,5,9,21,55
255,3,5,13,31
256,5,9,21,53
257,1,1,3,6
258,1,1,3,6
259,4,8,19,50
260,1,1,3,7
261,1,1,2,4
262,2,4,10,24
263,5,9,21,55
264,4,7,16,41
265,1,1,3,6
266,4,8,19,50
267,4,8,19,50
268,4,8,19,48
269,5,9,21,54
270,1,2,6,15
271,5,10,23,58
272,2,3,8,19
273,4,8,19,48
274,3,6,14,35
275,4,8,18,46
276,3,6,15,38
277,3,6,15,38
278,3,6,15,37
279,4,8,18,46
280,4,7,17,44
281,1,1,3,8
282,4,8,19,49
283,3,5,13,32
284,2,3,8,20
285,3,5,13,31
286,5,10,23,58
287,5,9,20,51
288,4,8,19,50
289,3,5,12,28
290,4,8,18,47
291,2,4,10,23
292,4,7,16,41
293,3,6,15,38
294,1,2,6,15
295,2,3,7,16
296,1,1,2,4
297,1,2,4,9
298,2,4,11,26
299,3,5,12,29
300,1,2,4,10
301,2,4,11,25
302,3,6,14,36
303,1,2,6,14
304,2,3,8,20
305,2,3,9,22
306,3,5,12,30
307,2,3,9,22
308,4,7,17,44
309,2,3,8,20
310,2,4,11,26
311,2,4,10,23
312,1,2,5,11
313,4,7,16,41
314,1,2,6,14
315,2,3,8,18
316,4,8,18,47
317,5,10,22,56
318,4,7,16,40
319,5,9,21,55
320,5,9,20,51
321,3,5,12,29
322,4,8,18,46
323,2,3,8,20
324,3,5,12,28
325,3,5,13,32
326,5,10,22,57
327,5,9,20,51
328,3,5,12,29
329,3,6,15,39
330,1,2,5,12
331,4,8,19,48
332,3,5,13,33
333,3,5,13,32
334,4,8,18,46
335,3,6,15,38
336,1,1,2,5
337,2,3,8,18
338,1,2,5,11
339,4,7,17,44
340,1,1,2,3
341,1,2,5,12
342,3,6,14,36
343,4,7,16,41
344,3,5,12,30
345,5,9,20,51
346,5,9,21,55
347,1,1,3,8
348,5,10,22,57
349,3,6,15,37
350,3,6,15,38
351,1,1,3,6
352,3,6,15,37
353,4,7,17,43
354,3,6,14,35
355,1,1,2,5
356,3,5,13,31
357,5,10,22,56
358,4,7,17,43
359,1,2,4,9
360,5,10,22,57
361,5,10,22,57
362,1,2,4,10
363,4,8,19,48
364,2,4,10,24
365,3,6,14,36
366,2,4,11,27
367,4,8,18,47
368,5,10,23,59
369,4,8,18,47
370,5,9,21,55
371,5,10,22,56
372,1,1,3,6
373,1,2,6,15
374,4,7,17,43
375,3,6,14,35
376,1,1,2,3
377,1,1,3,6
378,3,5,13,31
379,3,6,15,37
380,1,2,4,10
381,1,2,5,11
382,1,1,3,8
383,3,6,14,34
384,1,1,1,1
385,3,6,14,34
386,3,5,12,29
387,3,5,12,28
388,4,7,16,41
389,3,5,13,31
390,4,7,17,43
391,4,8,18,46
392,5,9,21,55
393,4,8,19,48
394,3,5,13,31
395,3,5,12,30
396,1,2,6,14
397,3,6,14,36
398,1,2,4,9
399,5,9,21,55
400,4,8,19,50
401,1,1,3,8
402,4,8,18,47
403,1,1,3,7
404,4,7,17,43
405,1,1,3,6
406,3,5,12,29
407,3,6,15,39
408,4,7,17,43
409,2,4,11,25
410,5,9,21,55
411,4,8,18,46
412,1,2,6,13
413,4,7,16,40
414,4,7,17,44
415,2,3,8,20
416,4,7,17,44
417,5,9,21,54
418,4,8,19,49
419,4,7,17,45
420,3,6,15,38
421,2,3,7,16
422,4,8,18,47
423,2,3,9,22
424,3,5,13,32
425,2,3,8,19
426,2,3,8,19
427,1,2,4,10
428,5,10,22,57
429,1,2,4,9
430,1,1,3,6
431,5,10,22,56
432,3,5,13,33
433,2,4,11,26
434,4,7,17,44
435,2,4,10,23
436,1,1,3,8
437,4,7,17,44
438,1,2,5,11
439,3,5,13,33
440,5,10,22,56
441,5,10,22,56
442,2,3,9,22
443,4,8,18,47
444,3,6,15,37
445,3,5,12,29
446,1,2,4,9
447,2,4,10,23
448,3,6,15,39
449,5,10,23,59
450,1,1,1,1
451,4,7,17,43
452,4,8,19,50
453,5,10,22,57
454,2,4,11,26
455,1,1,3,7
456,2,3,7,16
457,5,9,20,51
458,5,9,20,52
459,3,6,15,38
460,1,1,3,8
461,1,1,3,8
462,3,5,12,29
463,3,6,14,35
464,1,1,1,2
465,4,7,16,41
466,3,5,13,33
467,1,1,1,1
468,1,1,3,6
469,2,4,11,27
470,4,7,17,43
471,4,8,19,49
472,2,4,11,26
473,2,3,8,18
474,5,10,23,58
475,3,5,12,28
476,2,3,8,19
477,2,4,11,27
478,1,1,1,1
479,2,3,8,18
480,3,5,13,31
481,5,9,21,55
482,4,7,17,44
483,4,8,18,47
484,3,5,13,33
485,1,1,3,7
486,2,4,10,24
487,5,10,23,59
488,1,1,2,3
489,5,9,20,52
490,4,7,16,41
491,2,3,7,17
492,4,8,18,46
493,4,8,19,50
494,1,1,2,3
495,1,1,3,7
496,4,7,16,40
497,5,10,23,59
498,1,1,1,2
499,4,7,16,40
500,1,2,4,9
501,3,6,15,39
502,3,6,15,37
503,1,1,3,6
504,4,7,16,41
505,5,9,21,53
506,5,9,20,51
507,1,1,1,2
508,1,2,6,15
509,1,2,6,15
510,2,4,11,27
511,1,2,4,9
512,5,9,20,51
513,4,8,18,46
514,4,8,19,48
515,1,2,5,12
516,1,1,1,1
517,5,9,21,54
518,2,3,8,18
519,3,6,15,39
520,5,9,21,54
521,1,1,2,3
522,1,1,1,1
523,1,1,1,1
524,1,2,4,10
525,1,1,2,4
526,4,8,19,49
527,3,6,14,36
528,5,10,23,58
529,4,8,19,48
530,5,10,22,57
531,1,2,6,15
532,2,3,7,17
533,5,9,20,51
534,1,2,6,15
535,1,1,2,4
536,4,7,16,40
537,4,8,19,48
538,5,10,23,58
539,5,9,21,55
540,1,1,3,8
541,4,8,18,46
542,4,8,19,50
543,4,7,16,42
544,4,8,19,49
545,4,8,19,50
546,2,4,11,27
547,1,1,2,3
548,2,4,11,27
549,1,2,5,12
550,1,1,3,7
551,1,1,3,8
552,4,7,16,42
553,3,5,12,30
554,3,5,13,32
555,4,7,17,44
556,3,5,13,33
557,3,6,15,38
558,1,1,3,6
559,5,9,20,51
560,2,4,11,27
561,1,2,4,10
562,4,8,19,48
563,4,7,17,44
564,1,1,2,4
565,1,2,5,12
566,1,1,1,1
567,2,3,7,16
568,1,1,3,6
569,4,7,16,42
570,3,5,13,31
571,5,10,23,58
572,4,7,17,45
573,3,6,15,37
574,3,5,13,31
575,1,1,2,4
576,1,1,2,5
577,3,6,15,37
578,1,1,1,1
579,1,1,2,3
580,1,2,6,13
581,5,9,21,53
582,3,5,12,28
583,4,7,16,42
584,2,4,11,25
585,1,2,5,11
586,2,3,9,22
587,1,1,3,6
588,4,8,18,46
589,1,2,5,11
590,2,4,10,23
591,5,10,23,58
592,3,6,14,35
593,3,5,12,28
594,3,5,13,33
595,4,8,18,47
596,2,3,7,16
597,3,6,15,38
598,5,9,20,52
599,3,6,14,34
600,2,4,11,27
601,1,2,4,9
602,1,2,6,15
603,5,10,22,56
604,3,5,13,32
605,2,3,8,18
606,2,4,11,25
607,3,6,14,35
608,3,5,13,32
609,4,7,16,42
610,2,3,7,16
611,3,6,15,39
612,2,4,11,27
613,5,10,22,56
614,1,2,4,10
615,1,2,4,9
616,3,5,12,28
617,3,5,12,30
618,4,7,16,41
619,2,4,10,24
620,5,9,21,54
621,3,5,12,28
622,1,1,3,8
623,1,1,3,8
624,5,10,23,58
625,1,1,3,8
626,5,10,22,56
627,2,3,7,17
628,1,1,3,6
629,2,3,8,18
630,3,6,15,37
631,2,4,11,26
632,4,8,18,47
633,3,6,15,37
634,2,4,10,24
635,3,6,15,38
636,5,10,23,58
637,2,4,11,25
638,1,2,4,10
639,2,4,11,25
640,4,8,19,50
641,1,2,6,13
642,5,10,22,56
643,3,6,14,35
644,3,6,14,36
645,2,3,8,19
646,5,9,21,55
647,1,1,2,3
648,2,3,8,18
649,2,4,11,25
650,3,5,12,29
651,3,5,12,28
652,1,2,4,9
653,1,2,6,14
654,1,1,3,6
655,3,6,14,34
656,2,3,9,21
657,3,6,14,34
658,3,6,14,35
659,4,7,16,42
660,3,5,13,33
661,3,6,15,39
662,3,6,14,35
663,3,6,15,39
664,3,6,15,37
665,2,3,8,19
666,1,2,6,15
667,4,8,18,47
668,2,3,9,21
669,3,5,13,33
670,1,2,5,12
671,2,4,11,26
672,3,5,13,32
673,3,6,15,37
674,3,5,13,32
675,2,3,9,22
676,5,10,22,57
677,3,5,13,31
678,4,8,19,48
679,4,7,17,44
680,3,5,13,33
681,5,9,21,53
682,1,1,3,8
683,5,9,21,55
684,5,9,20,51
685,3,5,12,30
686,4,7,17,44
687,3,5,13,31
688,2,3,7,16
689,4,8,19,48
690,1,2,6,15
691,2,3,8,19
692,3,5,13,31
693,4,8,19,50
694,2,4,10,23
695,3,5,12,30
696,1,1,2,3
697,1,1,3,7
698,1,1,2,4
699,1,1,2,5
700,5,9,20,52
701,4,8,19,50
702,4,8,19,49
703,1,1,2,4
704,1,1,2,5
705,2,3,7,17
706,3,6,14,34
707,2,3,8,20
708,3,5,12,29
709,1,2,5,11
710,4,7,17,44
711,2,3,8,19
712,1,1,2,4
713,4,7,17,44
714,5,9,21,54
715,1,1,1,1
716,2,4,11,26
717,4,8,19,49
718,4,7,16,42
719,5,9,20,51
720,2,4,11,25
721,2,3,9,22
722,4,7,16,42
723,1,2,4,10
724,1,2,6,15
725,3,6,14,36
726,4,7,16,40
727,1,1,3,8
728,3,5,12,30
729,2,3,9,22
730,3,5,12,30
731,5,10,22,57
732,1,1,2,5
733,5,10,23,59
734,2,4,11,27
735,4,8,18,46
736,2,4,11,26
737,2,3,8,19
738,4,8,18,46
739,4,7,16,41
740,1,2,4,9
741,4,7,16,42
742,4,7,17,45
743,2,4,10,23
744,5,9,21,55
745,3,6,15,38
746,2,3,8,20
747,1,1,1,1
748,4,7,16,40
749,1,2,6,13
750,4,7,17,45
751,3,5,13,31
752,3,5,12,28
753,1,2,4,10
754,4,7,16,42
755,1,2,4,10
756,2,4,11,25
757,4,8,19,50
758,5,9,21,55
759,5,10,23,59
760,5,10,22,57
761,3,5,13,33
762,1,2,5,12
763,4,8,19,50
764,4,8,19,48
765,5,10,23,59
766,3,6,15,39
767,1,2,4,9
768,3,5,12,30
769,2,4,11,27
770,4,8,19,50
771,2,4,10,24
772,2,3,8,20
773,1,1,2,5
774,4,8,19,50
775,4,7,17,45
776,1,1,2,3
777,2,4,11,26
778,3,5,12,29
779,3,5,12,28
780,5,9,21,55
781,1,2,4,9
782,2,3,8,19
783,1,2,5,11
784,1,2,6,15
785,5,9,21,54
786,5,10,22,56
787,1,1,2,3
788,3,6,15,38
789,1,2,6,14
790,1,2,5,12
791,2,3,8,18
792,1,2,5,12
793,3,5,12,29
794,5,10,23,59
795,3,6,14,35
796,4,7,17,43
797,3,5,12,30
798,1,1,1,1
799,1,1,2,5
800,2,3,7,16
801,1,2,6,15
802,4,8,19,50
803,4,8,19,50
804,5,9,20,51
805,3,6,15,38
806,3,5,13,33
807,3,6,15,39
808,2,4,11,25
809,4,7,16,40
810,4,8,18,47
811,4,8,18,46
812,3,6,15,37
813,1,1,2,4
814,4,7,17,43
815,2,3,9,22
816,4,7,17,44
817,3,5,13,32
818,5,9,20,52
819,2,3,8,20
820,5,9,21,55
821,4,8,19,50
822,2,3,8,20
823,3,5,12,29
824,3,5,13,32
825,4,8,18,46
826,4,7,16,41
827,5,9,20,51
828,2,3,9,22
829,3,5,12,30
830,2,4,11,26
831,5,9,21,54
832,2,3,8,18
833,3,6,14,35
834,1,1,3,8
835,5,9,20,51
836,2,4,10,23
837,2,3,9,21
838,3,6,14,35
839,3,5,12,30
840,5,9,20,51
841,3,5,13,32
842,3,5,13,31
843,1,1,3,7
844,1,1,1,2
845,2,4,10,24
846,5,10,23,59
847,5,9,21,55
848,3,6,15,38
849,3,6,15,38
850,2,4,10,24
851,1,2,5,11
852,1,1,1,1
853,2,3,8,20
854,2,3,8,19
855,1,2,5,12
856,2,3,7,16
857,1,1,1,2
858,3,6,14,36
859,5,9,21,55
860,4,7,16,41
861,2,4,11,27
862,2,4,11,25
863,2,3,8,19
864,1,2,4,9
865,3,6,14,36
866,3,6,14,34
867,1,1,1,1
868,2,4,11,25
869,2,3,7,17
870,1,2,5,11
871,4,7,16,42
872,3,5,13,32
873,3,6,15,38
874,4,7,17,43
875,5,10,23,58
876,4,8,19,48
877,3,6,15,37
878,5,9,20,52
879,3,5,12,29
880,5,10,23,59
881,4,7,17,45
882,3,6,15,39
883,5,9,21,54
884,3,5,13,31
885,4,7,17,43
886,2,3,7,17
887,5,10,22,57
888,3,6,15,37
889,4,8,18,47
890,3,5,12,28
891,5,9,20,52
892,1,1,2,5
893,1,1,3,7
894,3,5,12,30
895,4,7,17,44
896,4,8,19,48
897,2,4,11,26
898,3,6,15,39
899,3,5,13,33
900,5,10,22,57
901,3,6,15,39
902,2,4,11,25
903,5,10,23,58
904,1,1,3,7
905,5,10,23,59
906,1,2,4,10
907,2,3,8,18
908,4,8,19,49
909,4,7,17,44
910,5,10,23,58
911,4,7,17,45
912,3,6,15,38
913,2,3,9,21
914,1,1,1,1
915,1,1,3,8
916,2,3,8,18
917,1,1,2,3
918,3,5,12,30
919,4,8,18,46
920,5,10,22,57
921,3,5,12,29
922,5,9,20,52
923,5,10,23,59
924,5,9,20,51
925,3,5,12,28
926,2,3,8,20
927,5,10,23,58
928,1,2,6,15
929,2,4,11,25
930,1,1,2,5
931,4,8,18,47
932,3,6,15,39
933,1,1,3,6
934,1,2,6,14
935,3,5,13,33
936,3,5,13,32
937,4,8,19,48
938,2,3,7,16
939,5,9,21,55
940,2,4,11,27
941,4,8,19,49
942,1,2,6,15
943,1,1,2,3
944,1,1,2,4
945,2,3,9,22
946,5,10,22,57
947,1,1,2,3
948,2,3,9,22
949,1,1,3,7
950,5,9,21,55
951,4,7,16,40
952,4,7,17,45
953,4,7,17,43
954,3,6,15,39
955,4,8,18,46
956,1,1,1,1
957,5,9,20,52
958,4,7,17,44
959,4,7,17,44
960,2,4,10,24
961,4,8,19,48
962,2,4,10,23
963,1,1,2,3
964,5,9,21,54
965,1,2,6,14
966,1,1,3,7
967,3,6,15,37
968,1,2,6,14
969,5,9,20,51
970,2,4,11,27
971,1,1,1,1
972,5,10,22,57
973,3,5,13,31
974,2,3,7,16
975,4,7,16,40
976,3,5,13,32
977,1,1,1,2
978,4,7,17,45
979,2,4,10,24
980,4,7,16,42
981,5,9,21,53
982,3,6,15,37
983,4,7,16,40
984,2,3,7,16
985,1,2,6,15
986,2,4,11,25
987,5,9,20,51
988,3,5,13,31
989,2,3,9,21
990,4,8,18,46
991,5,9,20,51
992,5,9,21,54
993,2,3,8,18
994,4,7,16,42
995,3,6,14,35
996,2,4,11,27
997,2,4,10,24
998,1,1,3,7
999,2,3,7,17
1000,3,5,13,33
1001,5,9,21,53
1002,5,9,20,52
1003,1,2,5,12
1004,4,7,16,41
1005,1,1,3,6
1006,4,7,16,40
1007,2,3,9,21
1008,2,4,11,27
1009,4,7,17,43
1010,2,4,11,26
1011,4,8,19,48
1012,3,5,13,32
1013,5,10,23,59
1014,3,6,15,38
1015,2,3,8,18
1016,4,8,18,46
1017,2,4,11,25
1018,3,5,13,32
1019,1,2,4,9
1020,1,1,3,8
1021,3,6,14,34
1022,1,2,5,12
1023,5,10,23,59
1024,5,9,20,51
1025,4,7,16,42
1026,4,7,17,44
1027,3,6,14,36
1028,1,1,2,4
1029,2,4,10,24
1030,3,5,12,30
1031,5,9,21,55
1032,1,2,6,13
1033,3,5,12,30
1034,2,3,9,21
1035,1,1,3,8
1036,1,1,3,7
1037,2,3,9,22
1038,1,1,2,5
1039,1,1,2,4
1040,2,3,9,21
1041,1,2,5,12
1042,3,5,13,33
1043,1,1,1,2
1044,2,3,8,18
1045,2,4,11,27
1046,5,10,22,57
1047,3,6,15,38
1048,5,9,20,52
1049,2,3,9,21
1050,2,4,11,27
1051,2,4,11,25
1052,5,9,21,53
1053,5,10,22,57
1054,5,10,22,57
1055,4,7,17,45
1056,3,5,12,30
1057,3,5,13,32
1058,5,10,23,58
1059,2,3,7,17
1060,2,3,9,21
1061,5,9,21,53
1062,2,4,10,23
1063,1,2,6,14
1064,3,6,14,34
1065,2,3,8,20
1066,5,9,21,53
1067,5,9,21,54
1068,2,3,8,19
1069,3,5,13,32
1070,5,10,23,59
1071,4,7,17,44
1072,1,2,6,13
1073,3,6,14,35
1074,3,6,15,37
1075,3,6,15,39
1076,1,1,1,2
1077,2,3,8,18
1078,5,9,20,51
1079,1,2,6,15
1080,2,3,8,18
1081,2,3,8,20
1082,1,2,5,11
1083,1,2,4,10
1084,2,3,9,21
1085,5,9,20,52
1086,1,1,1,1
1087,2,3,7,17
1088,1,1,2,4
1089,3,6,14,34
1090,1,2,6,15
1091,4,8,18,47
1092,3,6,14,35
1093,4,8,18,47
1094,3,6,15,38
1095,2,4,11,26
1096,5,9,20,51
1097,3,5,12,29
1098,5,10,22,57
1099,5,10,23,59
1100,3,6,14,35
1101,4,7,16,40
1102,2,3,7,16
1103,4,8,19,49
1104,4,7,16,40
1105,5,9,21,54
1106,2,3,7,16
1107,4,8,18,47
1108,3,5,12,28
1109,1,2,5,11
1110,1,2,5,11
1111,3,6,14,34
1112,2,3,8,19
1113,1,1,3,7
1114,2,4,11,26
1115,3,6,15,39
1116,2,3,8,19
1117,5,10,22,57
1118,4,8,18,46
1119,3,5,13,31
1120,5,10,22,56
1121,2,4,11,26
1122,1,2,4,9
1123,1,1,2,3
1124,5,10,22,56
1125,5,10,22,57
1126,4,7,17,44
1127,1,1,3,7
1128,2,3,8,18
1129,1,1,2,3
1130,1,1,2,4
1131,1,2,6,15
1132,3,6,14,34
1133,1,1,2,4
1134,5,10,23,59
1135,2,4,11,27
1136,2,3,7,16
1137,3,5,13,31
1138,4,8,18,47
1139,2,3,8,19
1140,1,1,2,3
1141,1,1,2,4
1142,5,9,20,51
1143,1,1,3,7
1144,3,6,15,38
1145,2,4,10,23
1146,4,8,18,46
1147,1,1,2,4
1148,5,9,21,53
1149,4,7,16,42
1150,2,4,11,27
1151,1,2,6,13
1152,5,10,23,58
1153,2,3,8,18
1154,3,5,12,29
1155,2,4,10,24
1156,1,2,6,14
1157,2,4,11,25
1158,1,2,4,9
1159,1,1,1,1
1160,2,3,8,18
1161,1,1,3,7
1162,2,4,11,25
1163,5,9,20,51
1164,1,2,4,10
1165,1,1,1,1
1166,1,1,3,7
1167,3,5,12,30
1168,2,3,7,17
1169,3,5,12,29
1170,1,1,1,2
1171,2,3,8,20
1172,2,4,11,25
1173,2,4,11,26
1174,3,5,13,33
1175,4,8,18,47
1176,3,5,12,28
1177,4,8,19,50
1178,3,5,13,32
1179,2,3,7,16
1180,1,2,6,14
1181,2,3,8,20
1182,3,6,14,36
1183,1,2,6,15
1184,5,9,21,54
1185,3,5,12,29
1186,5,9,20,51
1187,4,7,16,41
1188,2,3,8,20
1189,1,2,6,14
1190,4,7,17,44
1191,2,3,8,20
1192,1,2,6,15
1193,5,9,21,55
1194,3,5,12,29
1195,1,1,2,3
1196,3,5,12,30
1197,3,5,12,28
1198,5,9,20,51
1199,4,7,16,42
1200,1,2,5,12
1201,1,2,4,9
1202,3,6,14,36
1203,1,1,2,3
1204,2,3,8,19
1205,1,2,4,9
1206,1,1,1,2
1207,5,9,21,55
1208,1,1,3,6
1209,1,1,1,1
1210,5,10,22,56
1211,1,2,5,12
1212,4,8,19,49
1213,1,1,1,2
1214,1,2,4,10
1215,1,1,3,7
1216,4,7,16,42
1217,3,6,15,37
1218,3,5,12,29
1219,1,2,6,15
1220,1,1,3,6
1221,3,6,14,34
1222,1,2,6,14
1223,3,6,14,35
1224,4,7,16,41
1225,5,9,20,51
1226,3,5,12,30
1227,1,1,1,1
1228,2,3,7,17
1229,5,9,20,51
1230,3,5,13,32
1231,3,6,15,37
1232,3,5,12,28
1233,1,2,4,10
1234,5,9,21,53
1235,4,8,18,46
1236,5,10,23,59
1237,5,9,20,51
1238,2,3,8,18
1239,2,3,7,16
1240,1,2,6,15
1241,5,9,21,55
1242,3,5,13,33
1243,2,4,11,27
1244,5,10,23,58
1245,3,6,14,36
1246,5,9,21,54
1247,5,10,23,59
1248,1,1,2,5
1249,2,3,9,22
1250,4,7,17,44
1251,4,8,19,48
1252,1,2,4,9
1253,2,3,8,19
1254,3,5,13,33
1255,4,8,19,48
1256,1,1,3,7
1257,3,6,14,36
1258,2,3,8,18
1259,1,2,6,13
1260,3,5,13,31
1261,2,4,11,25
1262,3,6,15,38
1263,2,3,8,19
1264,4,8,19,49
1265,1,1,2,5
1266,5,9,20,51
1267,1,1,1,2
1268,4,7,17,44
1269,2,3,9,21
1270,2,4,10,23
1271,1,1,1,2
1272,4,7,16,42
1273,1,2,4,10
1274,3,6,15,39
1275,4,7,17,43
1276,4,8,19,50
1277,4,7,16,42
1278,2,3,8,18
1279,4,7,17,44
1280,4,8,19,49
1281,2,3,8,19
1282,1,1,3,8
1283,5,9,21,53
1284,1,2,4,9
1285,3,6,14,36
1286,1,2,6,14
1287,1,1,3,8
1288,4,8,18,46
1289,1,2,4,9
1290,4,7,16,40
1291,4,7,16,41
1292,1,1,2,4
1293,1,2,5,11
1294,4,8,18,47
1295,3,5,12,30
1296,1,1,3,8
1297,5,10,23,59
1298,2,3,7,16
1299,1,1,1,1
1300,5,9,21,55
1301,1,1,1,1
1302,3,5,13,33
1303,5,10,23,59
1304,3,6,14,35
1305,3,6,14,35
1306,2,4,10,23
1307,1,1,3,8
1308,3,6,14,34
1309,5,9,21,53
1310,1,1,3,6
1311,5,9,20,52
1312,2,4,11,25
1313,3,5,13,32
1314,1,2,4,10
1315,3,6,15,37
1316,1,2,5,11
1317,2,3,7,17
1318,4,7,17,43
1319,1,1,2,3
1320,2,4,11,27
1321,3,6,14,36
1322,1,1,3,8
1323,2,3,8,18
1324,2,3,9,21
1325,4,7,16,40
1326,5,10,23,58
1327,4,8,19,50
1328,1,2,5,12
1329,1,1,1,2
1330,1,1,2,4
1331,3,6,14,36
1332,1,2,4,10
1333,1,2,6,14
1334,4,8,19,50
1335,5,9,20,52
1336,4,8,19,50
1337,1,2,6,15
1338,3,6,15,37
1339,3,6,15,37
1340,1,2,5,11
1341,3,5,13,33
1342,3,5,13,31
1343,2,4,10,24
1344,4,7,17,45
1345,4,7,16,40
1346,3,5,13,32
1347,4,7,17,43
1348,4,8,18,46
1349,3,6,14,34
1350,2,3,7,16
1351,4,7,17,45
1352,4,7,17,43
1353,5,10,23,59
1354,1,2,4,9
1355,2,4,11,25
1356,5,9,21,55
1357,3,5,13,31
1358,5,10,22,56
1359,1,1,1,1
1360,1,1,2,3
1361,4,8,18,47
1362,2,3,9,22
1363,3,5,13,31
1364,2,4,11,26
1365,2,4,11,25
1366,5,10,22,56
1367,1,1,3,6
1368,4,8,18,46
1369,5,9,21,53
1370,3,6,15,39
1371,2,4,10,24
1372,1,2,4,10
1373,4,7,16,41
1374,3,5,12,28
1375,1,2,4,9
1376,2,3,9,22
1377,5,10,22,57
1378,2,3,7,16
1379,1,2,5,11
1380,4,7,16,41
1381,1,2,5,12
1382,5,9,21,55
1383,5,9,20,51
1384,5,10,23,59
1385,5,9,21,54
1386,1,2,6,15
1387,1,2,6,13
1388,2,3,9,21
1389,3,5,12,28
1390,5,9,20,52
1391,4,7,17,44
1392,3,6,15,39
1393,5,9,20,52
1394,3,6,15,39
1395,2,4,10,23
1396,2,4,11,25
1397,3,5,13,31
1398,1,1,3,6
1399,4,7,17,44
1400,3,6,15,39
1401,4,7,17,44
1402,3,5,13,32
1403,4,8,18,47
1404,5,10,22,57
1405,3,6,14,34
1406,2,4,11,27
1407,1,1,3,7
1408,4,8,18,46
1409,5,9,21,54
1410,4,7,16,42
1411,5,9,20,52
1412,5,9,20,51
1413,4,8,19,48
1414,3,5,12,30
1415,1,1,3,6
1416,1,1,1,1
1417,1,2,6,13
1418,2,4,11,26
1419,4,7,17,44
1420,2,4,11,27
1421,1,1,1,2
1422,1,2,6,13
1423,5,10,23,58
1424,5,10,23,59
1425,2,4,10,23
1426,4,8,19,48
1427,4,7,17,43
1428,5,9,21,55
1429,5,9,21,53
1430,3,6,15,38
1431,2,4,10,24
1432,3,6,15,37
1433,2,3,8,19
1434,2,3,9,21
1435,3,6,14,36
1436,3,6,14,34
1437,3,6,14,35
1438,2,4,10,23
1439,2,4,11,25
1440,1,1,1,1
1441,3,6,14,36
1442,3,6,14,34
1443,5,10,22,56
1444,3,5,12,30
1445,3,5,12,28
1446,1,1,2,4
1447,1,2,5,12
1448,2,3,8,20
1449,2,4,10,23
1450,2,3,9,22
1451,2,4,10,24
1452,4,8,18,46
1453,1,1,3,8
1454,2,3,8,20
1455,1,2,4,10
1456,2,3,8,19
1457,4,7,16,41
1458,1,1,2,3
1459,2,3,9,21
1460,1,1,1,2
1461,5,10,22,57
1462,4,7,17,43
1463,1,2,6,15
1464,1,2,5,12
1465,1,1,3,6
1466,3,5,12,28
1467,4,7,17,45
1468,3,6,14,35
1469,5,9,20,52
1470,2,3,9,21
1471,2,3,7,17
1472,3,5,12,29
1473,1,2,5,12
1474,5,10,23,58
1475,1,2,5,11
1476,3,5,12,29
1477,3,5,13,31
1478,1,1,2,4
1479,3,5,12,28
1480,2,4,11,27
1481,2,3,7,16
1482,1,1,3,8
1483,1,1,2,3
1484,1,1,1,1
1485,3,5,12,29
1486,1,1,3,6
1487,5,10,22,57
1488,1,2,6,15
1489,3,6,15,39
1490,4,7,16,40
1491,3,5,12,30
1492,5,9,21,53
1493,1,1,3,7
1494,1,2,6,14
1495,1,2,6,15
1496,1,1,3,8
1497,2,3,8,18
1498,2,3,8,19
1499,4,8,18,46
1500,2,3,8,18
1501,5,9,20,52
1502,4,8,18,46
1503,5,9,21,54
1504,1,1,3,7
1505,5,10,23,59
1506,3,6,15,37
1507,5,10,23,58
1508,2,3,9,21
1509,5,10,22,57
1510,3,6,14,35
1511,1,1,2,5
1512,2,4,11,25
1513,1,2,4,9
1514,5,10,22,56
1515,2,3,8,18
1516,1,2,6,14
1517,3,5,13,33
1518,2,4,11,26
1519,1,1,3,6
1520,4,8,19,49
1521,4,8,19,50
1522,4,7,17,44
1523,3,6,15,37
1524,2,4,10,24
1525,3,5,13,32
1526,3,5,13,31
1527,1,2,4,10
1528,1,1,2,5
1529,1,2,6,15
1530,2,4,11,27
1531,1,2,4,10
1532,1,1,3,7
1533,5,9,20,51
1534,2,4,10,23
1535,3,6,14,35
1536,3,5,13,31
1537,4,7,17,44
1538,4,7,17,44
1539,2,3,8,18
1540,5,9,20,51
1541,2,3,9,22
1542,4,8,19,50
1543,2,4,10,24
1544,1,1,3,7
1545,4,7,17,45
1546,1,1,1,2
1547,4,8,18,46
1548,1,1,2,3
1549,1,2,6,13
1550,3,6,14,36
1551,5,10,22,56
1552,2,4,11,25
1553,1,1,3,8
1554,1,2,6,14
1555,5,9,21,53
1556,4,7,17,43
1557,1,1,3,6
1558,2,4,10,23
1559,2,3,7,16
1560,1,2,5,11
1561,4,8,19,50
1562,3,6,15,37
1563,1,2,5,11
1564,3,6,15,39
1565,2,4,11,25
1566,1,1,2,4
1567,2,4,11,27
1568,1,2,5,11
1569,1,2,6,15
1570,5,9,20,52
1571,4,7,16,42
1572,1,1,3,8
1573,5,9,20,51
1574,3,6,14,34
1575,5,9,20,52
1576,4,7,17,45
1577,2,3,9,21
1578,3,5,13,32
1579,3,5,13,32
1580,4,7,17,43
1581,1,2,6,15
1582,2,3,8,20
1583,1,2,6,15
1584,2,3,8,18
1585,1,2,4,10
1586,1,1,2,3
1587,5,10,22,56
1588,1,1,2,5
1589,5,9,21,53
1590,1,1,1,1
1591,4,8,18,46
1592,2,3,8,20
1593,3,5,13,31
1594,2,3,7,17
1595,3,5,12,29
1596,2,4,11,27
1597,3,5,13,32
1598,2,4,10,24
1599,3,5,13,32
1600,4,8,19,49
1601,2,4,11,26
1602,2,3,9,22
1603,1,1,3,8
1604,2,3,9,22
1605,1,1,3,8
1606,1,2,5,11
1607,5,10,22,57
1608,1,1,3,6
1609,3,5,12,29
1610,4,8,19,50
1611,5,10,22,57
1612,1,2,4,9
1613,1,2,4,10
1614,2,3,9,22
1615,3,5,13,33
1616,5,10,22,57
1617,1,2,6,13
1618,1,2,4,10
1619,1,2,6,15
1620,5,9,20,52
1621,1,1,1,2
1622,2,4,10,23
1623,1,1,3,8
1624,1,2,4,10
1625,5,9,21,55
1626,1,1,1,1
1627,2,3,8,19
1628,5,9,21,55
1629,3,6,14,36
1630,1,1,2,5
1631,3,5,12,28
1632,5,10,23,58
1633,2,4,10,24
1634,3,5,13,32
1635,3,5,13,32
1636,3,6,15,39
1637,1,2,5,12
1638,4,8,19,50
1639,5,10,23,59
1640,1,2,4,9
1641,4,8,19,49
1642,4,8,19,49
1643,4,7,17,44
1644,2,3,9,22
1645,3,5,12,28
1646,4,8,19,50
1647,1,2,4,10
1648,4,8,19,49
1649,5,9,21,55
1650,4,7,16,41
1651,2,3,9,21
1652,3,5,13,33
1653,1,1,2,3
1654,5,9,21,55
1655,2,3,9,21
1656,1,1,2,4
1657,4,8,18,47
1658,3,6,15,39
1659,3,6,15,37
1660,1,1,2,4
1661,4,7,17,45
1662,3,6,15,38
1663,4,8,18,47
1664,4,8,19,49
1665,1,2,6,13
1666,1,2,6,13
1667,5,9,21,55
1668,3,5,13,32
1669,2,4,11,26
1670,2,3,7,17
1671,3,6,15,38
1672,4,7,17,45
1673,1,1,1,1
1674,3,5,13,33
1675,5,10,23,59
1676,2,3,7,17
1677,2,3,7,17
1678,5,9,20,52
1679,1,1,2,4
1680,2,4,10,24
1681,3,5,12,28
1682,4,8,19,48
1683,1,1,3,8
1684,2,4,11,26
1685,1,2,4,9
1686,4,8,18,47
1687,3,6,15,38
1688,3,5,12,30
1689,2,4,10,24
1690,1,2,4,10
1691,5,9,21,55
1692,3,6,15,39
1693,2,3,8,19
1694,2,4,11,25
1695,4,7,17,43
1696,4,7,17,43
1697,3,5,12,28
1698,2,3,8,18
1699,3,6,15,39
1700,3,6,15,39
1701,3,6,14,36
1702,1,1,2,5
1703,3,5,12,28
1704,3,6,15,37
1705,5,10,22,57
1706,3,5,13,32
1707,2,3,9,21
1708,3,5,13,33
1709,1,2,5,11
1710,1,1,3,6
1711,4,7,16,41
1712,5,10,23,59
1713,4,8,19,50
1714,3,6,14,35
1715,1,1,2,3
1716,5,10,23,59
1717,2,4,11,27
1718,2,3,8,18
1719,5,9,21,53
1720,4,7,17,45
1721,4,7,17,45
1722,2,3,7,17
1723,5,10,23,59
1724,2,4,11,27
1725,3,5,13,32
1726,4,7,17,45
1727,3,6,15,39
1728,1,2,5,11
1729,2,3,8,18
1730,2,3,9,22
1731,5,10,22,56
1732,4,7,17,43
1733,2,3,9,22
1734,4,7,17,44
1735,4,7,17,44
1736,2,4,10,24
1737,2,4,10,24
1738,5,9,21,53
1739,3,6,14,34
1740,1,2,4,9
1741,4,7,17,43
1742,3,6,14,35
1743,3,5,13,31
1744,4,7,17,43
1745,5,9,21,54
1746,2,3,8,20
1747,2,4,11,25
1748,1,2,5,12
1749,3,6,15,39
1750,2,4,10,24
1751,2,3,9,21
1752,4,7,16,42
1753,2,4,11,25
1754,3,5,12,28
1755,2,4,11,26
1756,2,3,7,16
1757,1,1,3,8
1758,4,8,19,49
1759,1,1,3,6
1760,2,3,8,20
1761,4,7,16,40
1762,1,1,3,8
1763,3,6,15,39
1764,4,7,17,44
1765,4,7,16,40
1766,2,3,8,18
1767,1,1,1,2
1768,5,9,21,53
1769,2,3,8,20
1770,4,8,19,48
1771,1,2,5,12
1772,1,2,4,10
1773,4,8,18,46
1774,5,10,22,56
1775,5,9,20,51
1776,4,7,17,45
1777,1,2,6,15
1778,5,9,21,54
1779,4,7,16,40
1780,1,2,5,11
1781,1,1,3,8
1782,5,9,20,52
1783,2,3,7,17
1784,4,8,18,46
1785,1,2,4,9
1786,2,3,7,17
1787,2,3,7,17
1788,2,3,7,17
1789,4,7,16,40
1790,5,9,21,54
1791,5,9,21,54
1792,4,7,17,44
1793,1,2,5,12
1794,5,10,22,57
1795,3,5,13,32
1796,3,5,13,33
1797,4,7,16,42
1798,4,8,18,46
1799,5,10,22,57
1800,3,6,14,35
1801,3,6,14,36
1802,4,7,17,44
1803,2,3,7,16
1804,2,3,8,19
1805,3,6,15,37
1806,1,1,2,4
1807,2,3,8,19
1808,4,7,17,43
1809,5,10,23,58
1810,3,5,13,31
1811,2,4,10,24
1812,2,4,11,26
1813,4,7,16,41
1814,3,5,13,33
1815,1,1,1,2
1816,3,5,13,32
1817,2,4,10,24
1818,4,7,16,42
1819,5,9,20,52
1820,5,10,22,57
1821,3,6,15,37
1822,2,3,9,22
1823,2,4,11,27
1824,1,2,5,11
1825,5,10,22,56
1826,4,8,19,50
1827,5,9,20,51
1828,2,3,8,20
1829,2,3,8,20
1830,5,9,20,51
1831,3,5,13,33
1832,4,7,16,42
1833,3,5,12,29
1834,2,4,11,27
1835,3,6,15,38
1836,4,8,19,48
1837,2,3,8,20
1838,4,8,19,48
1839,1,2,6,15
1840,2,4,10,24
1841,5,9,21,54
1842,5,10,22,57
1843,5,9,21,55
1844,2,3,8,19
1845,4,8,19,50
1846,5,10,22,56
1847,5,10,23,58
1848,1,1,1,2
1849,4,7,17,44
1850,5,10,23,59
1851,4,8,18,46
1852,1,2,6,14
1853,4,7,17,45
1854,1,1,3,7
1855,3,5,12,29
1856,3,6,15,37
1857,2,4,11,27
1858,4,7,16,42
1859,1,2,6,15
1860,3,6,14,36
1861,3,6,15,39
1862,3,6,15,38
1863,2,3,8,18
1864,2,3,8,19
1865,2,3,7,16
1866,3,5,12,28
1867,3,6,14,35
1868,2,3,9,22
1869,2,4,11,25
1870,2,3,7,17
1871,1,2,6,13
1872,3,6,15,39
1873,4,8,19,49
1874,2,3,8,18
1875,5,9,20,51
1876,3,6,14,34
1877,1,2,4,10
1878,2,3,9,22
1879,1,1,1,1
1880,1,1,2,3
1881,2,3,8,20
1882,2,4,11,27
1883,4,8,19,48
1884,1,1,3,8
1885,4,8,19,50
1886,1,2,6,14
1887,1,2,4,9
1888,4,7,16,42
1889,4,8,18,46
1890,3,6,14,36
1891,1,1,3,7
1892,1,1,3,7
1893,2,4,10,24
1894,2,4,11,27
1895,5,10,23,59
1896,2,3,7,17
1897,1,2,5,12
1898,5,10,22,56
1899,1,2,4,10
1900,1,1,1,2
1901,2,4,11,25
1902,2,4,10,24
1903,3,6,15,37
1904,5,9,20,52
1905,5,10,22,56
1906,2,3,8,18
1907,5,10,23,58
1908,3,6,15,38
1909,1,1,2,5
1910,5,10,22,56
1911,1,2,4,9
1912,3,6,14,35
1913,4,8,18,47
1914,1,2,6,15
1915,2,3,7,16
1916,3,5,12,29
1917,5,9,21,53
1918,1,2,6,14
1919,4,7,16,40
1920,2,4,11,27
1921,1,1,3,7
1922,4,7,16,42
1923,4,8,19,50
1924,3,6,14,34
1925,1,2,5,11
1926,1,2,4,10
1927,2,4,11,25
1928,3,5,12,30
1929,3,5,13,33
1930,1,2,6,15
1931,3,5,12,30
1932,2,3,8,18
1933,4,7,16,41
1934,4,8,18,47
1935,3,6,15,39
1936,1,1,1,1
1937,5,10,23,59
1938,1,1,1,2
1939,5,10,23,59
1940,1,1,1,2
1941,3,5,13,31
1942,1,1,3,7
1943,1,1,3,6
1944,4,7,16,41
1945,4,7,17,43
1946,1,1,3,7
1947,5,10,23,58
1948,2,3,8,19
1949,2,3,8,19
1950,2,3,8,18
1951,3,5,12,28
1952,1,2,5,11
1953,2,4,11,26
1954,1,2,6,13
1955,1,1,2,4
1956,2,3,9,22
1957,4,7,16,40
1958,4,8,18,46
1959,2,3,9,21
1960,2,3,8,20
1961,4,8,18,47
1962,4,7,16,41
1963,4,8,19,50
1964,5,9,21,54
1965,4,8,19,49
1966,5,10,22,56
1967,2,4,11,25
1968,2,4,10,24
1969,2,3,8,19
1970,1,2,6,14
1971,4,7,17,45
1972,4,7,17,43
1973,4,8,19,48
1974,1,2,4,10
1975,3,5,12,29
1976,1,2,6,14
1977,5,9,21,53
1978,2,3,7,16
1979,1,2,4,9
1980,3,6,14,34
1981,5,9,20,52
1982,5,9,21,55
1983,1,1,3,6
1984,2,3,8,20
1985,1,2,4,10
1986,2,3,8,19
1987,3,5,13,32
1988,2,3,7,17
1989,1,1,2,4
1990,3,5,13,31
1991,1,1,2,4
1992,1,2,6,14
1993,1,1,1,1
1994,1,1,3,6
1995,2,4,11,26
1996,5,9,20,51
1997,4,8,18,46
1998,1,1,3,6
1999,1,1,2,3
2000,2,3,8,20
